Category,Tip #,Tip,Source
FOOD_RETAIL_GROCERIES,1,Always shop with a list to avoid impulse purchases and reduce wasted food,The Every Girl
FOOD_RETAIL_GROCERIES,2,Buy own-brand products instead of big-brand to save up to 60% on items like canned goods,BBC Good Food
FOOD_RETAIL_GROCERIES,3,Purchase frozen fruits and vegetables instead of fresh - they're cheaper and just as nutritious,The Every Girl
FOOD_RETAIL_GROCERIES,4,"Buy in bulk for staples like grains, beans, lentils, and nuts to reduce per-unit costs",In Charge
FOOD_RETAIL_GROCERIES,5,Use store rewards cards and loyalty programs to earn points and access exclusive discounts,The Every Girl
FOOD_RETAIL_GROCERIES,6,"Shop the perimeter of the store where whole foods are located, avoid expensive center aisles",In Charge
FOOD_RETAIL_GROCERIES,7,Look for items in the reduced section later in the day when discounts are highest,BBC Good Food
FOOD_RETAIL_GROCERIES,8,Avoid pre-packaged and pre-cut items like chopped vegetables - do your own prep to save significantly,BBC Good Food
FOOD_RETAIL_GROCERIES,9,Buy canned fruit and vegetables for long-term storage and backup meal options at discount prices,In Charge
FOOD_RETAIL_GROCERIES,10,Never shop when hungry - eat before you go to avoid impulse buying and overspending,In Charge
DINING,1,"Brown-bag your lunch instead of eating out - save up to 80% or $2,000 annually by bringing lunch to work",In Charge
DINING,2,Make bulk meals and freeze them for the week - reduces food waste and saves money on multiple meals,The Whole U
DINING,3,Use restaurant coupons and deals - order separately from companions to stack multiple coupons,Reddit Frugal
DINING,4,Plan recipes ahead of time to reduce dining out frequency and stick to what you actually eat,The Whole U
DINING,5,Share drinks with dining companions at restaurants to cut beverage costs in half,Reddit Frugal
DINING,6,Limit luxury dining items like expensive meats - try meatless days with beans and vegetables,The Whole U
DINING,7,Look up menu prices and restaurant reviews online before going to ensure good value for money,Cathleen's Odyssey
DINING,8,Pack your own snacks and meals when traveling to avoid expensive tourist restaurant markups,Cathleen's Odyssey
DINING,9,Eat meals from local markets and smaller establishments instead of tourist-focused restaurants,Ent Credit Union
DINING,10,Set a dining budget and track every expense to stay accountable to your spending limits,Ent Credit Union
TRANSPORTATION,1,"Use public transit (bus, train, tram) which is significantly cheaper than driving or ride-sharing",MoneyFit
TRANSPORTATION,2,Keep your tires properly inflated to improve fuel efficiency and reduce gas consumption,MoneyFit
TRANSPORTATION,3,"Carpool for work, school, or activities to split fuel and parking costs with others",MoneyFit
TRANSPORTATION,4,Compare car insurance rates annually as they can fluctuate significantly year to year,MoneyFit
TRANSPORTATION,5,Use a bike with a bus pass combination - bike to the stop then take the bus for longer distances,Reddit Frugal
TRANSPORTATION,6,Combine multiple errands into one trip instead of making several separate journeys,Reddit Frugal
TRANSPORTATION,7,Use gas rewards programs and mapping apps to find the lowest fuel prices nearby,MoneyFit
TRANSPORTATION,8,Consider selling your car and using rideshare if it eliminates your insurance and parking costs,Reddit Frugal
TRANSPORTATION,9,Bike to nearby destinations when possible to eliminate fuel costs completely,Reddit Frugal
TRANSPORTATION,10,Use telemedicine and remote options when available to avoid unnecessary transportation costs,Reddit Frugal
TRAVEL_FLIGHTS,1,Book flights midweek instead of weekends when prices are typically lower,MoneyFit
TRAVEL_FLIGHTS,2,Set flight price alerts and stay flexible on airport choices to find the cheapest routes,MoneyFit
TRAVEL_LODGING,1,"Set a detailed travel budget before leaving and include all expenses - food, lodging, entertainment, souvenirs",Ent Credit Union
TRAVEL_LODGING,2,Automate your regular bill payments before traveling so you don't overspend on the road,Ent Credit Union
TRAVEL_LODGING,3,"Travel closer to home to reduce transportation costs, or choose destinations where the US dollar is strong",Ent Credit Union
TRAVEL_LODGING,4,Use public transportation instead of rental cars or ride-shares at your destination,Cathleen's Odyssey
TRAVEL_LODGING,5,Book round-trip tickets instead of one-way flights to save significantly on transportation costs,Cathleen's Odyssey
TRAVEL_LODGING,6,"Look for free or low-cost activities like public parks, museums with free admission days, and concerts",Ent Credit Union
TRAVEL_LODGING,7,Prepare many of your own meals during travel instead of eating at restaurants every meal,Cathleen's Odyssey
TRAVEL_LODGING,8,"Limit souvenir purchases and focus on collecting memories, photos, and journals instead",Cathleen's Odyssey
TRAVEL_LODGING,9,Research destination costs beforehand by checking restaurant websites and reviewing menus online,Cathleen's Odyssey
TRAVEL_LODGING,10,Track all expenses during travel to monitor spending and stay within your budget limits,Ent Credit Union
GENERAL_MERCHANDISE,1,Shop at discount stores and warehouse clubs for bulk purchases to get lower per-unit prices,The Whole U
GENERAL_MERCHANDISE,2,Compare prices across retailers using unit price labels to find the best value,Eat Right
GENERAL_MERCHANDISE,3,Use coupons only for items you already buy regularly to avoid purchasing unnecessary items,Eat Right
GENERAL_MERCHANDISE,4,Look for items on top and bottom shelves where least expensive options are often located,Eat Right
GENERAL_MERCHANDISE,5,Shop during holiday sales and special promotion periods for better discounts on most items,In Charge
GENERAL_MERCHANDISE,6,Buy clothing and household items secondhand when possible to save 50-80% on costs,The Whole U
GENERAL_MERCHANDISE,7,Join wholesale clubs like Costco or Sam's Club if you shop frequently and use the savings,The Whole U
GENERAL_MERCHANDISE,8,"Ask for student, military, or senior discounts at retailers where applicable",MoneyFit
GENERAL_MERCHANDISE,9,Check dollar stores and discount outlets for deals on common items like snacks and pantry staples,In Charge
GENERAL_MERCHANDISE,10,Use cashback credit cards that provide rewards on purchases to earn money back,The Whole U
RENT_AND_UTILITIES,1,Shop around for internet and cable providers annually to find better rates and competitive offers,MoneyFit
RENT_AND_UTILITIES,2,Set your water heater to 120°F and fix any leaks promptly to reduce water usage and bills,MoneyFit
RENT_AND_UTILITIES,3,Use programmable thermostats to automatically adjust temperature when you're away or sleeping,MoneyFit
RENT_AND_UTILITIES,4,Switch to LED light bulbs which use 75% less energy than traditional incandescent bulbs,MoneyFit
RENT_AND_UTILITIES,5,Unplug devices when not in use to eliminate phantom power drain that increases your electric bill,MoneyFit
RENT_AND_UTILITIES,6,Compare insurance providers annually for bundled discounts on multiple policy types,MoneyFit
RENT_AND_UTILITIES,7,Ask about low-income assistance programs if you qualify for reduced utility rates in your area,MoneyFit
RENT_AND_UTILITIES,8,Negotiate your internet bill annually by threatening to switch to competitors for better rates,MoneyFit
RENT_AND_UTILITIES,9,Install a programmable water heater timer to ensure hot water is only heated when needed,MoneyFit
RENT_AND_UTILITIES,10,Seal air leaks around windows and doors to reduce heating/cooling costs by up to 20%,MoneyFit
